<?xml version="1.0" encoding="UTF-8"?>
<templates id="template" xml:space="preserve">

    <t t-name="ClientListScreenWidget" t-extend="ClientListScreenWidget">
    	<t t-jquery="div.clientlist-screen.screen > div > section.full-content > div > section:nth-child(2) > div > div > table" t-operation="replace">
			<table class='client-list'>
                <thead>
                    <tr>
                        <th>Name</th>
                        <th>Address</th>
                        <th>Phone</th>
                        <th>CNI</th>
                    </tr>
                </thead>
                <tbody class='client-list-contents' >
                </tbody>
            </table>
        </t>
    </t>

    <t t-name="ClientDetailsEdit" t-extend="ClientDetailsEdit">
    	<t t-jquery="div.client-details-right" t-operation="append">

    		<div class='client-detail'>
                <span class='label'>CNI</span>
                <input class='detail barcode' name='cni' t-att-value='partner.cni || ""'></input>
            </div>

    	</t>
    </t>

    <t t-name="ClientDetails" t-extend="ClientDetails">
    	<t t-jquery="div.client-details-right" t-operation="append">

    		<div class='client-detail'>
                <span class='label'>CNI</span>
                <t t-if='partner.cni'>
                    <span class='detail client-id'><t t-esc='partner.cni'/></span>
                </t>
                <t t-if='!partner.cni'>
                    <span class='detail client-id empty'>N/A</span>
                </t>
            </div>

    	</t>
    </t>

    <t t-name="ClientLine" t-extend="ClientLine">
    	<t t-jquery="tr.client-line" t-operation="append">
    		<td><t t-esc='partner.cni or ""' /></td>
    	</t>
    </t>

    <t t-name="RegisterButton">
        <div class='control-button js_discount'>
            <i class='fa fa-shopping-cart' /> Enregistrer la commande
        </div>
    </t>

</templates>
